ticket_id,flight_id,passenger_id,passenger_first_name,passenger_second_name,order_method,ticket_price,booking_date
71b4b3d1-1730-4761-85aa-f6b452a85aa0,d1c06a68-23b8-4075-a883-e3dcf079473b,e1d8d56d-98ca-44f2-ad68-f5c62bb03df1,Ava,Rodriguez,Agent,1744.57,2025-04-08
7d9c1d7f-e527-4fc3-8699-5c3356ebf40b,073dc301-299d-41bd-98aa-b0406d9661f9,de54d23b-b9ea-4d38-baaa-9af55a4900f0,Benjamin,Miller,Online,1440.74,2025-05-07
c6de8e10-e504-4e60-8322-0a24d87d4280,4ddcee27-fcd9-48f4-9017-5839f5a7128c,3b00ca95-9576-4769-afef-19f44633c4f3,Elijah,Johnson,Agent,63.2,2025-03-08
1a8510c1-a47c-4a6e-9bb9-9510646ac486,10543a64-a850-4f57-8aea-3d77ca9d10ea,71e9d462-a672-4c48-b913-bc1b0481c0c0,William,Smith,Mobile,56.05,2025-04-23
bc327b30-33c6-42c7-8385-8607a6f8f3bc,73c93a2a-cea6-4edf-8628-daf14e93843f,848a371a-76b6-4436-9086-ace1cdc88cf2,Olivia,Jones,Online,1790.52,2025-05-08
91f06c61-a94d-47c9-b712-b30684f44b46,c7f4e16f-9c37-478d-aebf-5d841a090310,b1620746-e169-4dd6-9a2b-69bdf6b06a2d,Elijah,Lopez,Online,1959.95,2025-05-31
5bc71b15-5da5-4377-a67b-d968f507b524,8c9ee759-6398-4473-a36f-0b660f01dba1,9c49697a-d35c-4b20-b516-eb8bd0be7562,Mia,Jones,Agent,650.33,2025-05-29
472f057d-3257-4166-9c33-120a85df9b0c,4335f145-6ca0-4a37-8ed1-7dcb7025bb6b,b54b013e-88fd-431a-9ccd-ec08405a1000,Mia,Brown,Mobile,1379.94,2025-04-22
5bc71b15-5da5-4377-a67b-d968f507b524,8c9ee759-6398-4473-a36f-0b660f01dba1,9c49697a-d35c-4b20-b516-eb8bd0be7562,Mia,Jones,Agent,1196.6,2025-05-29
cd3e6b9a-53ae-49c5-a58c-df81d091c882,19ab1792-ff8b-456f-93a3-75180f224af1,f3defb7a-8d47-4ef3-bdf6-a38405b43ec0,Charlotte,Williams,Agent,254.74,2025-04-12
5fe349d8-84d1-43b0-9b1b-554385c6d42e,2a5820c8-75f0-48d7-b849-743979b750a5,f4ecdadc-5513-439a-9e31-8f7bea535dd9,Benjamin,Rodriguez,Online,1380.91,2025-05-20
c6de8e10-e504-4e60-8322-0a24d87d4280,4ddcee27-fcd9-48f4-9017-5839f5a7128c,3b00ca95-9576-4769-afef-19f44633c4f3,Elijah,Johnson,Agent,655.51,2025-03-08
cd3e6b9a-53ae-49c5-a58c-df81d091c882,19ab1792-ff8b-456f-93a3-75180f224af1,f3defb7a-8d47-4ef3-bdf6-a38405b43ec0,Charlotte,Williams,Agent,1969.1,2025-04-12
687a5db2-5eb1-41f6-8107-8d0f5a6c9a28,44d6db85-c3bc-4d22-a4aa-d26d3a3977a2,737c2c73-3d39-4e87-a1c9-f0f661780d36,Elijah,Smith,Agent,1483.02,2025-03-13
4f507f9c-f1cb-4374-bc6b-113ecc5872ee,c7f4e16f-9c37-478d-aebf-5d841a090310,38888157-2a84-443e-9874-835a72c2db35,Olivia,Miller,Online,1158.73,2025-05-21
7a80259f-ea63-44f3-8cf0-9fa848f28a62,ecddf5df-5fbb-45fb-9f4a-17363125a64c,8330efb6-2096-441a-ab77-33b96c3271fd,William,Smith,Mobile,169.54,2025-04-18
9ff20deb-cfd9-44fa-a8f0-fca1ce5fc272,c544338b-4504-4a53-8c5b-5d58ae6f287b,24fed357-7efe-4a3b-9519-bb698a556602,Ava,Davis,Agent,196.36,2025-05-28
0eb8e404-5925-444e-99ae-a0074d19c5ca,4db152eb-2b09-48ce-a5c6-14e0d8f30f11,89c8bf3e-37f8-4e7e-acc4-f6b7c06ad944,Isabella,Davis,Online,1985.28,2025-03-25
905fca5f-6339-4f4d-a348-7ae4307a50f3,39102ed6-7694-4a39-be7f-5ea71b71667c,0e45a60d-b3db-49a5-a1d5-3ee56d752c02,William,Hernandez,Online,787.89,2025-05-30
0bae663a-b223-4fa8-9c91-da1c6de718df,d1ce0e9f-cfcf-4e78-897f-76869ea89f91,7b4bc421-e27f-4617-a3a5-10d6c9018fd4,Ava,Brown,Agent,142.86,2025-05-15
23aa9138-ce61-4157-a728-db1dfecc06c1,94f277cb-5120-403c-afdd-610a14da31c6,7a97c599-f5fd-4159-a4c5-e8d85f189f5b,Liam,Lopez,Mobile,1131.84,2025-03-12
be48385f-14d9-4cd2-b744-0fd072e0e3f5,ea7e6457-0889-4187-919f-d7274bddfa5d,901d22d9-b3c8-454d-9a3e-2daccc1b10b3,Isabella,Brown,Online,1035.93,2025-03-19
4f507f9c-f1cb-4374-bc6b-113ecc5872ee,c7f4e16f-9c37-478d-aebf-5d841a090310,38888157-2a84-443e-9874-835a72c2db35,Olivia,Miller,Online,1692.61,2025-05-21
78c44eda-ddca-4ba5-ab9c-da74d381990e,21611360-71d1-41b1-86f0-87803c158e11,161fda38-9c69-4c0f-95eb-45e585d66f80,Elijah,Garcia,Mobile,152.83,2025-04-09
3599786a-8e5a-4c71-b5d9-8495b85c8e73,e5cd5654-d3ab-4a08-b9f6-f1bbcdeed6b8,1931f7c9-2e99-45dd-832e-fcc93bd96b7e,Noah,Williams,Agent,1622.37,2025-04-14
713152d3-892d-4037-8fca-6706bf8be14c,47442198-388a-4efa-aaec-bd348ed765b5,38926456-bc32-4190-b3ad-b03dc72310aa,Sophia,Jones,Agent,265.8,2025-04-23
0eb8e404-5925-444e-99ae-a0074d19c5ca,4db152eb-2b09-48ce-a5c6-14e0d8f30f11,89c8bf3e-37f8-4e7e-acc4-f6b7c06ad944,Isabella,Davis,Online,814.3,2025-03-25
26d662bf-db6c-4e43-8218-8e9233b0e501,748ae463-e98c-4427-a5a2-43bc48bdd017,a38e280b-15d6-4c33-8553-c8d1be4295dd,James,Miller,Online,319.02,2025-05-05
8cd94b30-e2cc-4491-8e40-94dfda5da936,4db152eb-2b09-48ce-a5c6-14e0d8f30f11,e1237cf9-72f4-42a6-982d-a69fd260fef8,James,Davis,Mobile,765.72,2025-04-11
3df2a09f-670b-49a0-9710-ae58a9fcca27,0ee51655-4a7a-492c-b30d-958858d62ce7,d74e4e67-8be1-44a0-93a9-7df5f891fbbc,Mia,Williams,Mobile,452.85,2025-05-27
ce4e4d86-e4f6-48fa-8813-4053ae6a364d,19ab1792-ff8b-456f-93a3-75180f224af1,ee39e675-e2aa-4954-9825-9e0e5aff2458,Olivia,Hernandez,Mobile,815.69,2025-04-15
e18a3220-3234-4648-993e-a655da5a51d5,8f382953-9880-4857-a9d5-f291b42eaffc,b88186cb-5695-4968-b520-cb79fd0d08ec,Oliver,Brown,Agent,1883.0,2025-05-21
02b7b57b-0fe7-42db-a716-799099b574cf,ecea0d99-4e79-4b74-af36-6d755fab6d52,c3084fcc-7236-4950-98ab-1449f5b07e7f,Liam,Jones,Agent,335.91,2025-06-03
ab8cfc31-c8da-4468-9587-6492225d18aa,c7f4e16f-9c37-478d-aebf-5d841a090310,fa4beda9-dfe4-41ce-a47d-0ba8afbf72ae,Elijah,Davis,Agent,780.26,2025-03-07
1b52a101-00c1-4e3f-99f2-65996681bfac,d1c06a68-23b8-4075-a883-e3dcf079473b,f763d796-94c7-422e-8ca5-cd4d5d1103b6,Liam,Brown,Online,1056.65,2025-05-30
be48385f-14d9-4cd2-b744-0fd072e0e3f5,ea7e6457-0889-4187-919f-d7274bddfa5d,901d22d9-b3c8-454d-9a3e-2daccc1b10b3,Isabella,Brown,Online,1711.48,2025-03-19
25545955-906f-442c-8920-80b71ce464c7,0c2ac458-3a3a-40fe-844f-966c24e1f742,01adb399-17e7-44d7-a83c-097c55507774,Noah,Lopez,Online,758.58,2025-05-18
dc4f79ef-0747-4f63-8d76-4b346fa11bfe,2b2e460a-3f77-4134-824a-ea885b99864f,a3c6d37f-2e65-490c-a727-393adcae4ad8,Noah,Williams,Online,1654.0,2025-05-28
71b4b3d1-1730-4761-85aa-f6b452a85aa0,d1c06a68-23b8-4075-a883-e3dcf079473b,e1d8d56d-98ca-44f2-ad68-f5c62bb03df1,Ava,Rodriguez,Agent,1952.41,2025-04-08
c4e5009b-aacd-4d65-a137-7435cf7c3056,5f1a2748-2298-4827-9fba-0a7389ab1ac9,8c6a3d84-1bd1-4a35-97d8-075cc4a2d56c,Sophia,Jones,Online,107.75,2025-05-24
1ef515d9-33ff-4da6-8023-87f0e3c88c33,2a5820c8-75f0-48d7-b849-743979b750a5,85a3b6df-5e74-4665-a873-ef4ca714892d,Oliver,Martinez,Mobile,1850.65,2025-05-12
4f507f9c-f1cb-4374-bc6b-113ecc5872ee,c7f4e16f-9c37-478d-aebf-5d841a090310,38888157-2a84-443e-9874-835a72c2db35,Olivia,Miller,Online,448.75,2025-05-21
096a1b30-534c-4ca8-8e8c-d035e202d4d7,e8737e7f-a876-4652-b0f4-ce2947e84902,b4ec2293-ac71-4d2d-b5e8-5db1923d2d3e,Benjamin,Lopez,Agent,602.35,2025-03-26
4507cfc4-6038-4ea0-9fa4-8ef572a4688a,f5e3ba32-429c-4574-9711-b347989304b0,bad68eac-35e4-4b3a-ac70-b58e73a1e70b,Ava,Hernandez,Agent,1986.66,2025-03-18
1e5a9ecd-e8ce-49a7-9366-66b9caa3a2e6,ead136ef-7c80-4466-96aa-e6c73285739d,a013bc27-a90e-4e48-b024-42465ca08bf7,Emma,Smith,Online,1929.4,2025-05-16
c88deb73-24c4-4ec4-861e-42d1188058b1,21611360-71d1-41b1-86f0-87803c158e11,b6186b4a-af90-4471-b243-6cc73351a262,Olivia,Miller,Online,1107.49,2025-03-20
07ba7527-c586-46bf-888d-4ac2569e392f,ecea0d99-4e79-4b74-af36-6d755fab6d52,955e1281-53fc-4395-ad2e-d775d80c2a2d,William,Hernandez,Online,153.8,2025-04-26
76dd3075-9c1f-41ac-9355-c69bd42f2b1b,ecea0d99-4e79-4b74-af36-6d755fab6d52,0d54972e-0764-4881-9560-ae38f95e9f06,Emma,Johnson,Agent,1144.52,2025-03-20
25545955-906f-442c-8920-80b71ce464c7,0c2ac458-3a3a-40fe-844f-966c24e1f742,01adb399-17e7-44d7-a83c-097c55507774,Noah,Lopez,Online,150.85,2025-05-18
b8a2e375-45c8-43d1-9414-9758cb0aed66,f5e3ba32-429c-4574-9711-b347989304b0,0b0393fe-27dd-4304-bc32-e83b832ad8e3,Elijah,Rodriguez,Mobile,496.94,2025-04-29
c6034a22-505d-4a15-bfd7-6dbb14c30e98,73c93a2a-cea6-4edf-8628-daf14e93843f,b86c16cf-38d2-47a8-9dce-8fc8b0fabbce,Sophia,Brown,Online,1449.21,2025-05-14
bd2c909e-7ec4-4f86-91fd-5d197c7b779f,0c2ac458-3a3a-40fe-844f-966c24e1f742,70ef29c7-e1fb-4d55-bd47-f51e2128acb8,Benjamin,Brown,Online,265.84,2025-05-11
46535d4b-ef0c-4032-b193-5c973756f5d3,39102ed6-7694-4a39-be7f-5ea71b71667c,e237ed7f-baed-4632-81db-c8f7c1281b92,Sophia,Miller,Agent,618.59,2025-05-31
26d662bf-db6c-4e43-8218-8e9233b0e501,748ae463-e98c-4427-a5a2-43bc48bdd017,a38e280b-15d6-4c33-8553-c8d1be4295dd,James,Miller,Online,1278.78,2025-05-05
fe85ab23-b9d3-41d4-b90f-39bba5817882,c544338b-4504-4a53-8c5b-5d58ae6f287b,e02a92c6-52f4-4b0d-bada-22d66c451308,Charlotte,Miller,Online,708.39,2025-03-14
4f507f9c-f1cb-4374-bc6b-113ecc5872ee,c7f4e16f-9c37-478d-aebf-5d841a090310,38888157-2a84-443e-9874-835a72c2db35,Olivia,Miller,Online,1709.99,2025-05-21
bfb2f1ec-32a6-4ecd-af11-14f4854c55e2,ea7e6457-0889-4187-919f-d7274bddfa5d,b3240c22-e312-4cae-a9a9-d12384695c21,Oliver,Jones,Mobile,1528.61,2025-05-25
c5a61624-ab29-4239-ad2a-cca9b0fcafc4,b1717747-1818-488c-aa8a-0adf88900bc8,4453d7f1-1b5f-4c31-9f6a-03f8836b298e,Mia,Garcia,Online,497.61,2025-03-11
b8dfd06b-98da-44d2-a0c2-e5e241aef2a9,ea7e6457-0889-4187-919f-d7274bddfa5d,d0f49ed1-be5f-4ffb-907f-f83dc9503e6c,Ava,Davis,Mobile,742.32,2025-04-08
3b745f4d-b520-4476-a3f0-14d03b31ea97,8f382953-9880-4857-a9d5-f291b42eaffc,322e971d-dd0b-4870-bf36-ba2effc5565c,Elijah,Garcia,Online,1428.0,2025-05-06
3df2a09f-670b-49a0-9710-ae58a9fcca27,0ee51655-4a7a-492c-b30d-958858d62ce7,d74e4e67-8be1-44a0-93a9-7df5f891fbbc,Mia,Williams,Mobile,898.3,2025-05-27
4d696535-b7ae-47a9-814a-e53b02f89421,e2d04c25-8d96-4210-943a-61f2474087d7,71de2bb5-a0df-4ddf-b146-2dfb0f314d83,James,Miller,Agent,1383.08,2025-05-05
bfb2f1ec-32a6-4ecd-af11-14f4854c55e2,ea7e6457-0889-4187-919f-d7274bddfa5d,b3240c22-e312-4cae-a9a9-d12384695c21,Oliver,Jones,Mobile,226.55,2025-05-25
5fad0700-97d2-443d-bb9c-21801e81f2fa,5f1a2748-2298-4827-9fba-0a7389ab1ac9,0ec48026-1087-494c-bf97-1b7e47f92173,Mia,Miller,Mobile,1184.65,2025-05-17
f549c858-5a77-4e6a-81dd-b85bd1b1af4e,39102ed6-7694-4a39-be7f-5ea71b71667c,bedaa273-cfde-4fcc-bf2c-48a798fdee27,Mia,Brown,Mobile,1845.87,2025-03-26
633133a0-dc43-456d-bb0b-1ff0608d015c,a5f7098e-696a-4be3-8911-398dadd5600e,5fc9be63-67eb-44bd-be14-22cbb043d405,Olivia,Garcia,Agent,726.23,2025-03-19
414cfdb0-12e5-433b-9e28-98278a97c803,ea7e6457-0889-4187-919f-d7274bddfa5d,62a3c7c1-4852-4fec-a120-51f5d30c3f5e,William,Hernandez,Mobile,1460.84,2025-03-30
3aea02c6-fe7f-402b-ae14-d3a244f8bf50,19ab1792-ff8b-456f-93a3-75180f224af1,b25d9c65-f340-430d-a9a7-caacd95f84f2,James,Rodriguez,Online,1505.07,2025-05-09
bfb2f1ec-32a6-4ecd-af11-14f4854c55e2,ea7e6457-0889-4187-919f-d7274bddfa5d,b3240c22-e312-4cae-a9a9-d12384695c21,Oliver,Jones,Mobile,1160.38,2025-05-25
12711999-051a-4d33-bf57-953041b40b20,c544338b-4504-4a53-8c5b-5d58ae6f287b,66e166db-4442-4516-b8a7-b1a3280763db,Sophia,Lopez,Online,244.53,2025-05-01
0589fe42-4c59-4c50-be7a-39d65481247e,8f382953-9880-4857-a9d5-f291b42eaffc,8724ff44-6159-4c17-8b70-1db034c41774,Oliver,Davis,Online,1909.7,2025-05-02
1ef515d9-33ff-4da6-8023-87f0e3c88c33,2a5820c8-75f0-48d7-b849-743979b750a5,85a3b6df-5e74-4665-a873-ef4ca714892d,Oliver,Martinez,Mobile,1276.13,2025-05-12
8cd94b30-e2cc-4491-8e40-94dfda5da936,4db152eb-2b09-48ce-a5c6-14e0d8f30f11,e1237cf9-72f4-42a6-982d-a69fd260fef8,James,Davis,Mobile,1747.14,2025-04-11
9ff20deb-cfd9-44fa-a8f0-fca1ce5fc272,c544338b-4504-4a53-8c5b-5d58ae6f287b,24fed357-7efe-4a3b-9519-bb698a556602,Ava,Davis,Agent,1363.97,2025-05-28
9b96388a-46f0-4ec3-8a8f-09b6b3b293a2,742b1849-c529-40d7-9052-eab904dc908b,4158b4e4-42ba-40b8-a1a3-28c5d33e7f83,Sophia,Hernandez,Agent,1771.84,2025-03-30
c12aec5b-f39d-47cb-b8f9-93fa77f18733,4ddcee27-fcd9-48f4-9017-5839f5a7128c,bdba05ab-3146-4089-889e-dff448c01f54,Benjamin,Johnson,Agent,719.8,2025-03-17
ffe19ad4-ac89-499e-baa6-20cfe7bd27a4,d1ce0e9f-cfcf-4e78-897f-76869ea89f91,204ef125-0573-4213-8f95-861d7dbe4937,Emma,Martinez,Agent,1502.02,2025-04-25
1ed15006-dc3e-43cf-8a6e-7b9cf38fac39,d1ce0e9f-cfcf-4e78-897f-76869ea89f91,45d10996-1268-4d3c-b975-6648a43d20e5,Elijah,Hernandez,Online,422.43,2025-03-22
86ea9133-3ade-47a3-b6ab-2606f05307e2,748ae463-e98c-4427-a5a2-43bc48bdd017,8227280f-5cfe-4650-999c-d174f27ed39c,Emma,Miller,Agent,1022.16,2025-05-28
a7b36f6b-c758-45dc-88fe-c36484aaf610,e8737e7f-a876-4652-b0f4-ce2947e84902,3d183b46-c130-4310-aee0-e36ae35f7050,Elijah,Davis,Mobile,1154.78,2025-04-08
bf7493ef-3521-4047-bc72-aaffe801a63b,035937f2-0078-49ba-9736-bf1d339a6159,85a01a2f-d27e-4fc7-add6-a9749a582bb1,Noah,Hernandez,Online,807.71,2025-04-28
b6b594ba-47eb-4c69-9aef-c99ee277379b,a5f7098e-696a-4be3-8911-398dadd5600e,a76608d3-5b78-49a3-94b3-c6b7507e152f,Oliver,Davis,Mobile,172.88,2025-04-24
25545955-906f-442c-8920-80b71ce464c7,0c2ac458-3a3a-40fe-844f-966c24e1f742,01adb399-17e7-44d7-a83c-097c55507774,Noah,Lopez,Online,1871.44,2025-05-18
e704f544-4eb6-49db-9d9c-b5f0f7abeb1f,2a5820c8-75f0-48d7-b849-743979b750a5,78b727c4-31bd-4169-b398-9fbae918bf8d,Noah,Johnson,Online,194.52,2025-03-13
ab8cfc31-c8da-4468-9587-6492225d18aa,c7f4e16f-9c37-478d-aebf-5d841a090310,fa4beda9-dfe4-41ce-a47d-0ba8afbf72ae,Elijah,Davis,Agent,992.33,2025-03-07
7d9c1d7f-e527-4fc3-8699-5c3356ebf40b,073dc301-299d-41bd-98aa-b0406d9661f9,de54d23b-b9ea-4d38-baaa-9af55a4900f0,Benjamin,Miller,Online,1979.91,2025-05-07
bc327b30-33c6-42c7-8385-8607a6f8f3bc,73c93a2a-cea6-4edf-8628-daf14e93843f,848a371a-76b6-4436-9086-ace1cdc88cf2,Olivia,Jones,Online,1971.88,2025-05-08
c6de8e10-e504-4e60-8322-0a24d87d4280,4ddcee27-fcd9-48f4-9017-5839f5a7128c,3b00ca95-9576-4769-afef-19f44633c4f3,Elijah,Johnson,Agent,1819.69,2025-03-08
be48385f-14d9-4cd2-b744-0fd072e0e3f5,ea7e6457-0889-4187-919f-d7274bddfa5d,901d22d9-b3c8-454d-9a3e-2daccc1b10b3,Isabella,Brown,Online,349.16,2025-03-19
b3979677-aa4d-4d0e-826d-3e376a6cf81f,d1ce0e9f-cfcf-4e78-897f-76869ea89f91,54f47d16-cd41-485a-a4aa-82c66c79db63,Sophia,Miller,Mobile,1780.39,2025-04-07
5bc71b15-5da5-4377-a67b-d968f507b524,8c9ee759-6398-4473-a36f-0b660f01dba1,9c49697a-d35c-4b20-b516-eb8bd0be7562,Mia,Jones,Agent,1570.52,2025-05-29
c4e5009b-aacd-4d65-a137-7435cf7c3056,5f1a2748-2298-4827-9fba-0a7389ab1ac9,8c6a3d84-1bd1-4a35-97d8-075cc4a2d56c,Sophia,Jones,Online,1957.65,2025-05-24
c1af51c7-c94f-40d9-ba48-24124681cfc7,c7f4e16f-9c37-478d-aebf-5d841a090310,a2cae609-da46-47a2-8bc6-00ba90d98ba9,Sophia,Hernandez,Agent,663.48,2025-03-15
e704f544-4eb6-49db-9d9c-b5f0f7abeb1f,2a5820c8-75f0-48d7-b849-743979b750a5,78b727c4-31bd-4169-b398-9fbae918bf8d,Noah,Johnson,Online,896.37,2025-03-13
1b52a101-00c1-4e3f-99f2-65996681bfac,d1c06a68-23b8-4075-a883-e3dcf079473b,f763d796-94c7-422e-8ca5-cd4d5d1103b6,Liam,Brown,Online,1875.23,2025-05-30
3aea02c6-fe7f-402b-ae14-d3a244f8bf50,19ab1792-ff8b-456f-93a3-75180f224af1,b25d9c65-f340-430d-a9a7-caacd95f84f2,James,Rodriguez,Online,554.3,2025-05-09
44825b21-c756-45d1-8bc5-0484a33dafd8,4ddcee27-fcd9-48f4-9017-5839f5a7128c,7c596db3-cf87-401c-b2f6-848e8d59b053,William,Jones,Mobile,1910.37,2025-03-15
3b745f4d-b520-4476-a3f0-14d03b31ea97,8f382953-9880-4857-a9d5-f291b42eaffc,322e971d-dd0b-4870-bf36-ba2effc5565c,Elijah,Garcia,Online,1234.58,2025-05-06
c1af51c7-c94f-40d9-ba48-24124681cfc7,c7f4e16f-9c37-478d-aebf-5d841a090310,a2cae609-da46-47a2-8bc6-00ba90d98ba9,Sophia,Hernandez,Agent,1711.76,2025-03-15
3aea02c6-fe7f-402b-ae14-d3a244f8bf50,19ab1792-ff8b-456f-93a3-75180f224af1,b25d9c65-f340-430d-a9a7-caacd95f84f2,James,Rodriguez,Online,1911.33,2025-05-09
c43ca2d6-d795-471c-be4c-cac51c29dcc7,75a51cdd-f1d2-4b00-b448-d0d03cda3b03,b2c5375c-e4ba-4499-a060-03a835f1218b,Benjamin,Garcia,Online,1129.54,2025-05-19
4115cfdd-bb76-44f3-bffa-0d71f02b9205,39102ed6-7694-4a39-be7f-5ea71b71667c,3bebbbff-3eeb-4f9d-84de-5175859432fd,William,Davis,Mobile,1714.26,2025-05-05
7f4110ea-4d21-427b-978e-b89b191c89f7,75a51cdd-f1d2-4b00-b448-d0d03cda3b03,3494358f-dc67-4c5d-9212-fd4bb34c094b,William,Lopez,Mobile,1832.07,2025-04-15
bfb2f1ec-32a6-4ecd-af11-14f4854c55e2,ea7e6457-0889-4187-919f-d7274bddfa5d,b3240c22-e312-4cae-a9a9-d12384695c21,Oliver,Jones,Mobile,1782.07,2025-05-25
02b7b57b-0fe7-42db-a716-799099b574cf,ecea0d99-4e79-4b74-af36-6d755fab6d52,c3084fcc-7236-4950-98ab-1449f5b07e7f,Liam,Jones,Agent,1975.57,2025-06-03
5fe349d8-84d1-43b0-9b1b-554385c6d42e,2a5820c8-75f0-48d7-b849-743979b750a5,f4ecdadc-5513-439a-9e31-8f7bea535dd9,Benjamin,Rodriguez,Online,1617.44,2025-05-20
c7ebe65a-e031-4745-af2e-5971dbe243c2,d2ab8bf0-5e91-4f8c-abe2-ada8ce12a485,11ada0b1-d3d0-46d4-94c0-973c9bcb4ede,Isabella,Johnson,Online,582.8,2025-04-26
5fad0700-97d2-443d-bb9c-21801e81f2fa,5f1a2748-2298-4827-9fba-0a7389ab1ac9,0ec48026-1087-494c-bf97-1b7e47f92173,Mia,Miller,Mobile,1771.83,2025-05-17
46535d4b-ef0c-4032-b193-5c973756f5d3,39102ed6-7694-4a39-be7f-5ea71b71667c,e237ed7f-baed-4632-81db-c8f7c1281b92,Sophia,Miller,Agent,1210.86,2025-05-31
a664ad6b-c3e1-484e-afcc-15009e80cc56,75a51cdd-f1d2-4b00-b448-d0d03cda3b03,8aace320-a65e-4e1f-9d1c-c8f757010a78,Oliver,Hernandez,Agent,985.13,2025-05-28
98ff6393-def4-4c65-b8f7-19249ab0d299,8f382953-9880-4857-a9d5-f291b42eaffc,e55bfbc5-b842-4029-a593-24188eb4c783,Benjamin,Jones,Agent,1971.39,2025-03-12
02b7b57b-0fe7-42db-a716-799099b574cf,ecea0d99-4e79-4b74-af36-6d755fab6d52,c3084fcc-7236-4950-98ab-1449f5b07e7f,Liam,Jones,Agent,1111.78,2025-06-03
c12aec5b-f39d-47cb-b8f9-93fa77f18733,4ddcee27-fcd9-48f4-9017-5839f5a7128c,bdba05ab-3146-4089-889e-dff448c01f54,Benjamin,Johnson,Agent,567.33,2025-03-17
a8b69425-ec14-4ba6-893a-3343554fa4cb,47442198-388a-4efa-aaec-bd348ed765b5,4cc4bb66-36d7-4fcb-9581-fff9aa8d1a03,Olivia,Garcia,Mobile,1672.62,2025-05-23
1ef515d9-33ff-4da6-8023-87f0e3c88c33,2a5820c8-75f0-48d7-b849-743979b750a5,85a3b6df-5e74-4665-a873-ef4ca714892d,Oliver,Martinez,Mobile,1265.36,2025-05-12
19b4214f-dfd8-42f1-a352-b83bda72a4d3,0ee51655-4a7a-492c-b30d-958858d62ce7,4f5199ea-7811-4e62-8186-d3e186ab23ef,Elijah,Davis,Online,844.74,2025-05-09
1ef515d9-33ff-4da6-8023-87f0e3c88c33,2a5820c8-75f0-48d7-b849-743979b750a5,85a3b6df-5e74-4665-a873-ef4ca714892d,Oliver,Martinez,Mobile,1852.36,2025-05-12
3cc422fa-aa7d-4f14-9743-c0447ca8186f,0c2ac458-3a3a-40fe-844f-966c24e1f742,3d382bee-57de-4065-a036-11daadf6b0bf,Olivia,Jones,Online,620.09,2025-05-14
7d8d6ad4-4f76-4e6e-b3ba-f623927db001,8c9ee759-6398-4473-a36f-0b660f01dba1,8c2fd807-c3f6-442b-80bf-2dc36ead2503,Liam,Brown,Online,871.66,2025-05-14
c12aec5b-f39d-47cb-b8f9-93fa77f18733,4ddcee27-fcd9-48f4-9017-5839f5a7128c,bdba05ab-3146-4089-889e-dff448c01f54,Benjamin,Johnson,Agent,81.24,2025-03-17
